Feature,Importance
Size_SqFt,0.6924856797444344
Premium_Location_Flag,0.179811453047742
Accessibility_Score,0.05122265599398218
Distance_To_Downtown,0.021652371637364616
Distance_To_Metro,0.011032225242180616
Area_Dubai Marina,0.006408424217056125
Floor_No,0.0059962543294550755
Property_Type_Penthouse,0.003508132286871689
Area_Palm Jumeirah,0.003499126900669309
Area_Dubai Hills,0.003452466956303993
Area_International City,0.0022929963269880446
Service_Charges,0.0021758290072816065
Listing_Month,0.0021324698304903936
Property_Type_Villa,0.0014013192394711853
Neighborhood_Convenience_Score,0.0012402389503307
Property_Type_Townhouse,0.0011462014198954636
Area_JVC,0.0010173560778806276
Property_Age,0.000990946786171427
Nearby_Schools,0.0009282601535318782
Bathrooms,0.0007110089544365842
Nearby_Malls,0.0006680920015424807
Bedrooms,0.0006625591365642011
Parking_Spaces,0.0006360718606498451
Community_Golden Mile,0.0004181655487610096
Developer_DAMAC,0.0003759520716822737
Community_The Residences,0.00037528180624506923
Property_Type_Apartment,0.00034933176516188435
Furnished_Yes,0.0002805684051063936
Area_Silicon Oasis,0.00026472309026755723
Furnished_No,0.00025593538113528283
Community_Sidra,0.000186476441888325
Area_Al Furjan,0.00018492906475754253
Developer_Nakheel,0.0001581405515962194
Area_Downtown Dubai,0.00014195075517703802
Developer_Danube,0.00012942234152091248
Community_Princess Tower,0.00012513621071296073
Community_Burj Views,0.0001136157861960891
Community_Bay Square,0.00011332373771803533
Developer_Meraas,9.879954052254626e-05
Developer_Azizi,9.202718356056915e-05
Community_DAMAC Towers,9.114729706556792e-05
Community_Azizi Tulip,8.618150183131105e-05
Developer_Emaar,8.402093317349021e-05
Handover_Status_Off-Plan,8.154905333972344e-05
Community_Cayan Tower,8.00248670480769e-05
Handover_Status_Ready,7.582732052794074e-05
Community_District 15,7.424776327233608e-05
Area_Arjan,7.337391319925283e-05
Developer_Ellington,6.795531536272246e-05
Community_Marina Residences,6.113171437994278e-05
Developer_Sobha,5.8461208323693936e-05
Area_Business Bay,4.9976528469046536e-05
Property_Type_Studio,4.451095023491285e-05
Community_Shoreline,4.398089475900689e-05
Community_Opera District,4.304837623613523e-05
Community_Mulberry,4.18394835480582e-05
Community_Marina Gate,3.518368653792e-05
Community_Miraclz,2.6109952377713324e-05
Community_Executive Towers,2.514289093574444e-05
Community_District 10,2.3215471878979397e-05
Community_Masakin,1.8657138877241864e-05
Community_Park Heights,1.759007597213951e-05
Community_District 12,1.2475887364368493e-05
Community_Silicon Gates,9.606801131342862e-06
Community_France Cluster,8.238439217051614e-06
Community_China Cluster,8.059947472192798e-06
Community_Axis Residences,7.295006545729098e-06
Community_Palace Towers,4.645972329653477e-06
Community_Murooj,4.167991264324441e-06
Community_Vincitore,3.0709898419170082e-06
Community_Lincoln Park,1.8961724150972065e-06
Community_England Cluster,1.4466717631987366e-06
